No;Provinsi;Tahun;Wilayah;Satuan;Fisik;Psikis;Seksual;Eksploitasi;TPPO;Penelantaran;Lainnya;Jumlah Kasus (Kasus);Jumlah Korban (Orang)
1;Jawa Tengah;2022;KABUPATEN CILACAP;Orang;2;5;6;1;0;0;3;11;11
2;Jawa Tengah;2022;KABUPATEN BANYUMAS;Orang;12;13;8;2;1;3;6;36;36
3;Jawa Tengah;2022;KABUPATEN PURBALINGGA;Orang;7;5;9;0;0;0;0;14;17
4;Jawa Tengah;2022;KABUPATEN BANJARNEGARA;Orang;4;9;4;0;0;3;0;16;16
5;Jawa Tengah;2022;KABUPATEN KEBUMEN;Orang;31;20;18;0;0;2;1;55;65
6;Jawa Tengah;2022;KABUPATEN PURWOREJO;Orang;5;21;4;0;0;6;0;24;24
7;Jawa Tengah;2022;KABUPATEN WONOSOBO;Orang;14;52;11;0;0;12;1;57;57
8;Jawa Tengah;2022;KABUPATEN MAGELANG;Orang;7;21;10;0;0;6;0;25;25
9;Jawa Tengah;2022;KABUPATEN BOYOLALI;Orang;10;17;6;0;0;7;1;26;26
10;Jawa Tengah;2022;KABUPATEN KLATEN;Orang;8;15;4;3;0;5;6;24;24
11;Jawa Tengah;2022;KABUPATEN SUKOHARJO;Orang;20;7;8;0;0;7;9;40;42
12;Jawa Tengah;2022;KABUPATEN WONOGIRI;Orang;3;2;6;0;0;1;0;6;10
13;Jawa Tengah;2022;KABUPATEN KARANGANYAR;Orang;14;2;4;0;0;0;1;19;19
14;Jawa Tengah;2022;KABUPATEN SRAGEN;Orang;4;2;0;0;0;0;1;5;5
15;Jawa Tengah;2022;KABUPATEN GROBOGAN;Orang;8;5;10;0;0;1;0;20;20
16;Jawa Tengah;2022;KABUPATEN BLORA;Orang;4;1;0;0;0;0;0;4;4
17;Jawa Tengah;2022;KABUPATEN REMBANG;Orang;4;2;2;0;0;0;0;6;6
18;Jawa Tengah;2022;KABUPATEN PATI;Orang;16;1;1;0;0;0;1;18;18
19;Jawa Tengah;2022;KABUPATEN KUDUS;Orang;3;5;2;0;0;2;1;6;6
20;Jawa Tengah;2022;KABUPATEN JEPARA;Orang;11;3;2;0;0;1;0;14;14
21;Jawa Tengah;2022;KABUPATEN DEMAK;Orang;27;14;0;0;0;9;0;32;33
22;Jawa Tengah;2022;KABUPATEN SEMARANG;Orang;50;4;8;0;0;0;1;58;58
23;Jawa Tengah;2022;KABUPATEN TEMANGGUNG;Orang;5;6;2;0;0;1;0;9;9
24;Jawa Tengah;2022;KABUPATEN KENDAL;Orang;17;16;5;0;0;1;3;28;28
25;Jawa Tengah;2022;KABUPATEN BATANG;Orang;8;3;1;0;0;0;0;11;11
26;Jawa Tengah;2022;KABUPATEN PEKALONGAN;Orang;12;32;4;0;0;0;3;38;40
27;Jawa Tengah;2022;KABUPATEN PEMALANG;Orang;24;4;3;1;0;0;4;36;36
28;Jawa Tengah;2022;KABUPATEN TEGAL;Orang;24;29;5;0;0;7;2;34;35
29;Jawa Tengah;2022;KABUPATEN BREBES;Orang;11;15;13;2;0;2;4;31;34
30;Jawa Tengah;2022;KOTA MAGELANG;Orang;5;0;0;0;0;2;1;7;7
31;Jawa Tengah;2022;KOTA SURAKARTA;Orang;10;13;7;0;0;4;0;19;19
32;Jawa Tengah;2022;KOTA SALATIGA;Orang;8;6;4;0;0;2;2;20;20
33;Jawa Tengah;2022;KOTA SEMARANG;Orang;119;56;29;0;1;26;9;188;190
34;Jawa Tengah;2022;KOTA PEKALONGAN;Orang;10;15;2;0;0;5;5;14;15
35;Jawa Tengah;2022;KOTA TEGAL;Orang;5;3;4;0;0;2;0;10;10
36;Jawa Barat;2022;KABUPATEN BOGOR;Orang;9;8;2;0;0;2;6;17;17
37;Jawa Barat;2022;KABUPATEN SUKABUMI;Orang;12;10;8;0;35;0;8;59;61
38;Jawa Barat;2022;KABUPATEN CIANJUR;Orang;14;10;9;1;14;3;12;42;43
39;Jawa Barat;2022;KABUPATEN BANDUNG;Orang;37;24;11;0;2;12;9;67;68
40;Jawa Barat;2022;KABUPATEN GARUT;Orang;3;6;1;0;0;1;1;6;6
41;Jawa Barat;2022;KABUPATEN TASIKMALAYA;Orang;7;3;8;0;1;0;7;22;22
42;Jawa Barat;2022;KABUPATEN CIAMIS;Orang;2;1;0;0;0;0;0;2;2
43;Jawa Barat;2022;KABUPATEN KUNINGAN;Orang;3;2;2;0;0;4;0;11;11
44;Jawa Barat;2022;KABUPATEN CIREBON;Orang;7;2;14;0;1;0;0;21;21
45;Jawa Barat;2022;KABUPATEN MAJALENGKA;Orang;3;0;0;0;0;0;1;3;4
46;Jawa Barat;2022;KABUPATEN SUMEDANG;Orang;1;2;0;0;0;0;2;4;4
47;Jawa Barat;2022;KABUPATEN INDRAMAYU;Orang;7;7;3;0;0;1;1;13;13
48;Jawa Barat;2022;KABUPATEN SUBANG;Orang;2;1;0;0;0;0;0;2;2
49;Jawa Barat;2022;KABUPATEN PURWAKARTA;Orang;8;11;3;0;0;2;2;24;26
50;Jawa Barat;2022;KABUPATEN KARAWANG;Orang;21;8;10;0;1;3;19;58;59
51;Jawa Barat;2022;KABUPATEN BEKASI;Orang;46;58;12;0;2;10;13;91;91
52;Jawa Barat;2022;KABUPATEN BANDUNG BARAT;Orang;14;12;4;0;0;3;7;22;22
53;Jawa Barat;2022;KABUPATEN PANGANDARAN;Orang;4;1;1;0;0;0;1;6;7
54;Jawa Barat;2022;KOTA BOGOR;Orang;23;32;4;0;0;8;16;63;64
55;Jawa Barat;2022;KOTA SUKABUMI;Orang;4;3;3;2;0;0;3;12;14
56;Jawa Barat;2022;KOTA BANDUNG;Orang;96;166;49;3;0;54;40;246;248
57;Jawa Barat;2022;KOTA CIREBON;Orang;0;1;0;0;0;0;0;1;1
58;Jawa Barat;2022;KOTA BEKASI;Orang;2;1;1;0;0;0;0;3;3
59;Jawa Barat;2022;KOTA DEPOK;Orang;34;51;14;0;0;8;9;110;110
60;Jawa Barat;2022;KOTA CIMAHI;Orang;5;9;1;1;0;9;6;25;25
61;Jawa Barat;2022;KOTA TASIKMALAYA;Orang;0;0;0;0;0;0;0;0;0
62;Jawa Barat;2022;KOTA BANJAR;Orang;0;0;0;0;0;0;0;0;0
63;Jawa Timur;2022;KABUPATEN PACITAN;Orang;0;0;0;0;0;0;0;0;0
64;Jawa Timur;2022;KABUPATEN PONOROGO;Orang;5;7;2;0;0;5;1;19;19
65;Jawa Timur;2022;KABUPATEN TRENGGALEK;Orang;3;3;4;0;0;4;1;12;12
66;Jawa Timur;2022;KABUPATEN TULUNGAGUNG;Orang;17;7;9;1;1;2;0;29;29
67;Jawa Timur;2022;KABUPATEN BLITAR;Orang;7;15;3;0;0;2;5;25;25
68;Jawa Timur;2022;KABUPATEN KEDIRI;Orang;33;1;2;0;0;0;1;35;36
69;Jawa Timur;2022;KABUPATEN MALANG;Orang;8;20;13;0;0;4;15;44;45
70;Jawa Timur;2022;KABUPATEN LUMAJANG;Orang;9;6;3;0;0;1;1;16;16
71;Jawa Timur;2022;KABUPATEN JEMBER;Orang;17;83;37;0;0;8;2;76;84
72;Jawa Timur;2022;KABUPATEN BANYUWANGI;Orang;14;7;7;0;0;4;1;31;32
73;Jawa Timur;2022;KABUPATEN BONDOWOSO;Orang;13;0;9;1;0;11;0;33;33
74;Jawa Timur;2022;KABUPATEN SITUBONDO;Orang;28;12;9;0;0;3;0;38;38
75;Jawa Timur;2022;KABUPATEN PROBOLINGGO;Orang;37;37;3;0;0;0;0;37;37
76;Jawa Timur;2022;KABUPATEN PASURUAN;Orang;9;5;7;0;0;8;0;28;28
77;Jawa Timur;2022;KABUPATEN SIDOARJO;Orang;34;70;11;0;0;32;8;94;95
78;Jawa Timur;2022;KABUPATEN MOJOKERTO;Orang;6;10;2;0;1;2;1;22;22
79;Jawa Timur;2022;KABUPATEN JOMBANG;Orang;8;6;8;0;0;3;1;19;21
80;Jawa Timur;2022;KABUPATEN NGANJUK;Orang;2;10;2;0;0;1;0;15;15
81;Jawa Timur;2022;KABUPATEN MADIUN;Orang;0;0;4;0;0;0;2;6;6
82;Jawa Timur;2022;KABUPATEN MAGETAN;Orang;6;9;6;0;0;6;0;17;17
83;Jawa Timur;2022;KABUPATEN NGAWI;Orang;1;5;5;0;0;0;2;11;12
84;Jawa Timur;2022;KABUPATEN BOJONEGORO;Orang;1;3;0;0;0;2;0;5;5
85;Jawa Timur;2022;KABUPATEN TUBAN;Orang;29;20;4;0;0;4;0;44;44
86;Jawa Timur;2022;KABUPATEN LAMONGAN;Orang;30;11;5;0;0;5;1;45;45
87;Jawa Timur;2022;KABUPATEN GRESIK;Orang;17;23;4;2;0;2;2;35;36
88;Jawa Timur;2022;KABUPATEN BANGKALAN;Orang;13;9;3;0;0;1;1;19;19
89;Jawa Timur;2022;KABUPATEN SAMPANG;Orang;6;0;2;0;0;0;3;9;11
90;Jawa Timur;2022;KABUPATEN PAMEKASAN;Orang;24;1;0;0;0;8;1;33;33
91;Jawa Timur;2022;KABUPATEN SUMENEP;Orang;18;18;2;0;0;8;2;24;24
92;Jawa Timur;2022;KOTA KEDIRI;Orang;0;1;2;0;0;0;0;3;3
93;Jawa Timur;2022;KOTA BLITAR;Orang;6;12;0;0;0;3;8;19;19
94;Jawa Timur;2022;KOTA MALANG;Orang;9;11;5;1;0;1;2;26;26
95;Jawa Timur;2022;KOTA PROBOLINGGO;Orang;11;7;0;0;0;3;2;20;20
96;Jawa Timur;2022;KOTA PASURUAN;Orang;11;11;0;0;0;0;0;11;11
97;Jawa Timur;2022;KOTA MOJOKERTO;Orang;9;2;2;0;1;0;1;13;13
98;Jawa Timur;2022;KOTA MADIUN;Orang;1;1;1;0;0;3;1;7;7
99;Jawa Timur;2022;KOTA SURABAYA;Orang;20;13;10;0;0;6;1;43;43
100;Jawa Timur;2022;KOTA BATU;Orang;1;1;2;0;0;2;0;5;5
101;Jawa Tengah;2023;KABUPATEN CILACAP;Orang;8;8;11;0;0;0;0;20;23
102;Jawa Tengah;2023;KABUPATEN BANYUMAS;Orang;22;19;11;1;5;5;7;53;57
103;Jawa Tengah;2023;KABUPATEN PURBALINGGA;Orang;8;1;3;0;0;0;0;12;12
104;Jawa Tengah;2023;KABUPATEN BANJARNEGARA;Orang;4;5;1;0;0;0;0;8;8
105;Jawa Tengah;2023;KABUPATEN KEBUMEN;Orang;23;8;11;1;0;2;2;39;40
106;Jawa Tengah;2023;KABUPATEN PURWOREJO;Orang;9;19;4;0;0;8;1;27;27
107;Jawa Tengah;2023;KABUPATEN WONOSOBO;Orang;22;58;9;0;0;21;0;66;66
108;Jawa Tengah;2023;KABUPATEN MAGELANG;Orang;22;71;26;0;0;29;0;77;77
109;Jawa Tengah;2023;KABUPATEN BOYOLALI;Orang;11;13;4;0;0;2;3;22;22
110;Jawa Tengah;2023;KABUPATEN KLATEN;Orang;4;5;0;0;0;4;1;10;10
111;Jawa Tengah;2023;KABUPATEN SUKOHARJO;Orang;19;3;4;0;0;3;5;29;32
112;Jawa Tengah;2023;KABUPATEN WONOGIRI;Orang;0;2;0;0;0;0;0;2;2
113;Jawa Tengah;2023;KABUPATEN KARANGANYAR;Orang;9;7;5;0;0;3;0;20;20
114;Jawa Tengah;2023;KABUPATEN SRAGEN;Orang;15;3;3;0;0;1;0;20;20
115;Jawa Tengah;2023;KABUPATEN GROBOGAN;Orang;8;4;4;3;0;0;0;15;17
116;Jawa Tengah;2023;KABUPATEN BLORA;Orang;2;0;2;0;0;1;0;4;5
117;Jawa Tengah;2023;KABUPATEN REMBANG;Orang;1;2;1;0;0;0;0;2;2
118;Jawa Tengah;2023;KABUPATEN PATI;Orang;13;2;2;0;0;2;0;16;17
119;Jawa Tengah;2023;KABUPATEN KUDUS;Orang;2;0;1;0;0;0;0;3;3
120;Jawa Tengah;2023;KABUPATEN JEPARA;Orang;14;9;5;0;0;3;0;20;20
121;Jawa Tengah;2023;KABUPATEN DEMAK;Orang;25;20;7;0;0;11;0;37;37
122;Jawa Tengah;2023;KABUPATEN SEMARANG;Orang;63;7;5;0;0;3;1;67;67
123;Jawa Tengah;2023;KABUPATEN TEMANGGUNG;Orang;2;2;1;0;0;0;1;4;4
124;Jawa Tengah;2023;KABUPATEN KENDAL;Orang;19;13;3;0;0;6;2;29;29
125;Jawa Tengah;2023;KABUPATEN BATANG;Orang;3;3;12;0;0;2;0;14;15
126;Jawa Tengah;2023;KABUPATEN PEKALONGAN;Orang;21;40;11;0;1;4;0;49;57
127;Jawa Tengah;2023;KABUPATEN PEMALANG;Orang;23;6;18;0;0;2;1;45;45
128;Jawa Tengah;2023;KABUPATEN TEGAL;Orang;8;15;7;0;0;0;1;17;17
129;Jawa Tengah;2023;KABUPATEN BREBES;Orang;10;3;7;0;0;2;4;24;24
130;Jawa Tengah;2023;KOTA MAGELANG;Orang;4;5;5;0;1;3;0;12;12
131;Jawa Tengah;2023;KOTA SURAKARTA;Orang;9;17;14;0;0;9;14;43;45
132;Jawa Tengah;2023;KOTA SALATIGA;Orang;13;7;4;0;0;1;2;23;23
133;Jawa Tengah;2023;KOTA SEMARANG;Orang;79;33;26;1;1;17;3;141;142
134;Jawa Tengah;2023;KOTA PEKALONGAN;Orang;10;13;4;1;0;7;0;17;17
135;Jawa Tengah;2023;KOTA TEGAL;Orang;8;7;5;0;0;1;0;20;20
136;Jawa Barat;2023;KABUPATEN BOGOR;Orang;25;28;7;0;0;2;4;40;40
137;Jawa Barat;2023;KABUPATEN SUKABUMI;Orang;22;10;21;1;26;1;25;88;88
138;Jawa Barat;2023;KABUPATEN CIANJUR;Orang;17;34;14;1;5;2;4;49;50
139;Jawa Barat;2023;KABUPATEN BANDUNG;Orang;15;17;10;0;1;4;2;38;39
140;Jawa Barat;2023;KABUPATEN GARUT;Orang;11;13;11;0;0;1;3;26;28
141;Jawa Barat;2023;KABUPATEN TASIKMALAYA;Orang;14;2;13;0;1;1;2;27;27
142;Jawa Barat;2023;KABUPATEN CIAMIS;Orang;0;1;2;1;0;0;0;2;2
143;Jawa Barat;2023;KABUPATEN KUNINGAN;Orang;14;8;5;0;0;1;2;28;30
144;Jawa Barat;2023;KABUPATEN CIREBON;Orang;10;10;9;1;1;1;3;21;21
145;Jawa Barat;2023;KABUPATEN MAJALENGKA;Orang;1;1;2;0;0;0;1;5;5
146;Jawa Barat;2023;KABUPATEN SUMEDANG;Orang;20;1;1;0;1;0;1;22;22
147;Jawa Barat;2023;KABUPATEN INDRAMAYU;Orang;5;1;3;3;0;0;2;13;14
148;Jawa Barat;2023;KABUPATEN SUBANG;Orang;18;3;7;0;2;0;0;29;30
149;Jawa Barat;2023;KABUPATEN PURWAKARTA;Orang;4;10;3;0;0;0;0;16;16
150;Jawa Barat;2023;KABUPATEN KARAWANG;Orang;30;17;12;1;0;6;12;59;63
151;Jawa Barat;2023;KABUPATEN BEKASI;Orang;73;67;28;7;3;4;83;121;124
152;Jawa Barat;2023;KABUPATEN BANDUNG BARAT;Orang;20;15;9;0;0;3;6;35;37
153;Jawa Barat;2023;KABUPATEN PANGANDARAN;Orang;2;0;0;0;0;7;2;7;11
154;Jawa Barat;2023;KOTA BOGOR;Orang;2;23;4;0;0;0;20;49;49
155;Jawa Barat;2023;KOTA SUKABUMI;Orang;8;10;1;2;1;0;7;29;29
156;Jawa Barat;2023;KOTA BANDUNG;Orang;96;180;50;7;1;71;23;234;237
157;Jawa Barat;2023;KOTA CIREBON;Orang;2;1;0;0;0;0;0;3;3
158;Jawa Barat;2023;KOTA BEKASI;Orang;6;6;1;1;0;2;2;7;7
159;Jawa Barat;2023;KOTA DEPOK;Orang;65;54;11;1;0;20;11;155;157
160;Jawa Barat;2023;KOTA CIMAHI;Orang;7;7;2;1;0;2;3;14;15
161;Jawa Barat;2023;KOTA TASIKMALAYA;Orang;1;4;2;0;0;0;2;8;8
162;Jawa Barat;2023;KOTA BANJAR;Orang;1;2;0;0;0;0;1;3;3
163;Jawa Timur;2023;KABUPATEN PACITAN;Orang;0;0;0;0;0;0;0;0;0
164;Jawa Timur;2023;KABUPATEN PONOROGO;Orang;2;3;0;0;0;0;0;5;5
165;Jawa Timur;2023;KABUPATEN TRENGGALEK;Orang;5;3;1;0;0;4;1;9;9
166;Jawa Timur;2023;KABUPATEN TULUNGAGUNG;Orang;3;6;3;1;1;1;2;16;16
167;Jawa Timur;2023;KABUPATEN BLITAR;Orang;10;13;4;1;0;3;6;23;23
168;Jawa Timur;2023;KABUPATEN KEDIRI;Orang;16;1;3;0;0;1;0;19;19
169;Jawa Timur;2023;KABUPATEN MALANG;Orang;20;34;14;1;5;10;4;49;53
170;Jawa Timur;2023;KABUPATEN LUMAJANG;Orang;3;5;2;0;0;0;20;11;27
171;Jawa Timur;2023;KABUPATEN JEMBER;Orang;15;65;27;0;0;3;1;66;66
172;Jawa Timur;2023;KABUPATEN BANYUWANGI;Orang;78;11;8;4;0;3;7;107;107
173;Jawa Timur;2023;KABUPATEN BONDOWOSO;Orang;7;2;1;0;0;5;0;13;13
174;Jawa Timur;2023;KABUPATEN SITUBONDO;Orang;27;7;6;1;4;7;3;47;47
175;Jawa Timur;2023;KABUPATEN PROBOLINGGO;Orang;5;4;0;0;0;0;1;6;6
176;Jawa Timur;2023;KABUPATEN PASURUAN;Orang;13;1;4;3;4;2;2;25;28
177;Jawa Timur;2023;KABUPATEN SIDOARJO;Orang;41;65;11;2;0;27;11;95;95
178;Jawa Timur;2023;KABUPATEN MOJOKERTO;Orang;23;6;1;2;0;4;3;37;39
179;Jawa Timur;2023;KABUPATEN JOMBANG;Orang;7;2;1;0;0;5;11;22;22
180;Jawa Timur;2023;KABUPATEN NGANJUK;Orang;12;25;4;1;0;9;3;31;31
181;Jawa Timur;2023;KABUPATEN MADIUN;Orang;2;0;4;0;0;0;1;7;7
182;Jawa Timur;2023;KABUPATEN MAGETAN;Orang;2;3;1;0;0;0;1;4;4
183;Jawa Timur;2023;KABUPATEN NGAWI;Orang;6;1;2;0;0;2;0;10;10
184;Jawa Timur;2023;KABUPATEN BOJONEGORO;Orang;3;3;2;0;0;4;1;10;11
185;Jawa Timur;2023;KABUPATEN TUBAN;Orang;11;0;1;0;0;0;0;12;12
186;Jawa Timur;2023;KABUPATEN LAMONGAN;Orang;4;3;1;0;0;0;2;7;7
187;Jawa Timur;2023;KABUPATEN GRESIK;Orang;49;32;3;0;0;7;2;67;67
188;Jawa Timur;2023;KABUPATEN BANGKALAN;Orang;4;3;7;0;0;0;1;11;12
189;Jawa Timur;2023;KABUPATEN SAMPANG;Orang;6;2;4;0;0;0;2;14;14
190;Jawa Timur;2023;KABUPATEN PAMEKASAN;Orang;23;2;6;1;0;9;0;38;38
191;Jawa Timur;2023;KABUPATEN SUMENEP;Orang;3;4;2;0;0;2;2;6;6
192;Jawa Timur;2023;KOTA KEDIRI;Orang;5;2;0;0;0;1;0;5;5
193;Jawa Timur;2023;KOTA BLITAR;Orang;0;0;0;0;0;1;2;3;3
194;Jawa Timur;2023;KOTA MALANG;Orang;12;11;4;1;0;3;4;26;26
195;Jawa Timur;2023;KOTA PROBOLINGGO;Orang;14;7;3;0;1;3;1;24;24
196;Jawa Timur;2023;KOTA PASURUAN;Orang;3;4;2;0;0;0;0;5;5
197;Jawa Timur;2023;KOTA MOJOKERTO;Orang;6;3;0;0;0;0;2;9;9
198;Jawa Timur;2023;KOTA MADIUN;Orang;2;2;1;0;0;2;1;7;7
199;Jawa Timur;2023;KOTA SURABAYA;Orang;63;29;14;0;0;16;2;112;116
200;Jawa Timur;2023;KOTA BATU;Orang;7;11;2;3;0;7;1;14;14
201;Jawa Tengah;2024;KABUPATEN CILACAP;Orang;4;0;4;0;0;0;0;8;8
202;Jawa Tengah;2024;KABUPATEN BANYUMAS;Orang;29;40;20;2;0;6;2;60;60
203;Jawa Tengah;2024;KABUPATEN PURBALINGGA;Orang;11;7;8;0;0;1;3;28;29
204;Jawa Tengah;2024;KABUPATEN BANJARNEGARA;Orang;5;8;6;0;0;1;0;20;20
205;Jawa Tengah;2024;KABUPATEN KEBUMEN;Orang;43;10;14;0;0;1;1;66;68
206;Jawa Tengah;2024;KABUPATEN PURWOREJO;Orang;13;22;7;0;0;4;3;39;39
207;Jawa Tengah;2024;KABUPATEN WONOSOBO;Orang;17;46;10;0;0;11;1;49;49
208;Jawa Tengah;2024;KABUPATEN MAGELANG;Orang;16;36;8;0;0;2;0;36;38
209;Jawa Tengah;2024;KABUPATEN BOYOLALI;Orang;6;7;4;0;0;0;2;15;15
210;Jawa Tengah;2024;KABUPATEN KLATEN;Orang;2;2;3;0;0;0;1;6;6
211;Jawa Tengah;2024;KABUPATEN SUKOHARJO;Orang;46;7;11;0;0;3;3;63;64
212;Jawa Tengah;2024;KABUPATEN WONOGIRI;Orang;1;4;0;0;0;0;0;5;5
213;Jawa Tengah;2024;KABUPATEN KARANGANYAR;Orang;9;3;6;0;0;3;2;20;20
214;Jawa Tengah;2024;KABUPATEN SRAGEN;Orang;4;0;6;0;0;0;1;10;11
215;Jawa Tengah;2024;KABUPATEN GROBOGAN;Orang;1;0;0;0;0;0;1;2;2
216;Jawa Tengah;2024;KABUPATEN BLORA;Orang;3;2;4;1;0;2;0;9;9
217;Jawa Tengah;2024;KABUPATEN REMBANG;Orang;5;2;2;0;0;1;0;7;7
218;Jawa Tengah;2024;KABUPATEN PATI;Orang;6;3;2;0;0;0;0;8;8
219;Jawa Tengah;2024;KABUPATEN KUDUS;Orang;5;0;0;0;0;1;2;8;8
220;Jawa Tengah;2024;KABUPATEN JEPARA;Orang;13;8;3;0;0;2;3;22;22
221;Jawa Tengah;2024;KABUPATEN DEMAK;Orang;22;3;5;0;0;0;0;26;27
222;Jawa Tengah;2024;KABUPATEN SEMARANG;Orang;66;17;5;1;0;0;0;82;82
223;Jawa Tengah;2024;KABUPATEN TEMANGGUNG;Orang;4;7;1;1;0;1;0;9;9
224;Jawa Tengah;2024;KABUPATEN KENDAL;Orang;14;3;2;0;0;2;1;17;18
225;Jawa Tengah;2024;KABUPATEN BATANG;Orang;6;1;1;0;0;1;1;8;8
226;Jawa Tengah;2024;KABUPATEN PEKALONGAN;Orang;14;30;4;0;1;1;1;35;35
227;Jawa Tengah;2024;KABUPATEN PEMALANG;Orang;10;4;6;0;0;2;0;21;21
228;Jawa Tengah;2024;KABUPATEN TEGAL;Orang;11;8;5;0;0;2;3;21;21
229;Jawa Tengah;2024;KABUPATEN BREBES;Orang;15;11;12;0;0;0;3;33;34
230;Jawa Tengah;2024;KOTA MAGELANG;Orang;9;24;2;0;0;11;0;24;24
231;Jawa Tengah;2024;KOTA SURAKARTA;Orang;15;18;7;0;0;6;0;25;25
232;Jawa Tengah;2024;KOTA SALATIGA;Orang;10;4;10;2;0;2;1;27;27
233;Jawa Tengah;2024;KOTA SEMARANG;Orang;113;46;25;0;1;19;0;175;176
234;Jawa Tengah;2024;KOTA PEKALONGAN;Orang;8;8;3;0;0;3;5;18;18
235;Jawa Tengah;2024;KOTA TEGAL;Orang;7;16;9;0;0;0;3;24;25
236;Jawa Barat;2024;KABUPATEN BOGOR;Orang;20;19;9;0;0;0;0;30;30
237;Jawa Barat;2024;KABUPATEN SUKABUMI;Orang;29;11;19;0;15;1;9;67;71
238;Jawa Barat;2024;KABUPATEN CIANJUR;Orang;16;13;9;1;1;3;5;38;38
239;Jawa Barat;2024;KABUPATEN BANDUNG;Orang;17;13;17;1;1;1;2;43;43
240;Jawa Barat;2024;KABUPATEN GARUT;Orang;8;6;14;1;0;2;10;34;35
241;Jawa Barat;2024;KABUPATEN TASIKMALAYA;Orang;3;1;4;0;0;1;1;8;8
242;Jawa Barat;2024;KABUPATEN CIAMIS;Orang;3;3;5;0;0;0;0;7;7
243;Jawa Barat;2024;KABUPATEN KUNINGAN;Orang;5;7;7;0;0;3;4;25;26
244;Jawa Barat;2024;KABUPATEN CIREBON;Orang;17;25;13;7;1;3;0;31;33
245;Jawa Barat;2024;KABUPATEN MAJALENGKA;Orang;6;0;2;0;0;1;0;7;7
246;Jawa Barat;2024;KABUPATEN SUMEDANG;Orang;3;7;4;0;0;0;2;16;16
247;Jawa Barat;2024;KABUPATEN INDRAMAYU;Orang;15;8;9;2;0;2;1;34;35
248;Jawa Barat;2024;KABUPATEN SUBANG;Orang;12;9;13;0;2;3;1;33;33
249;Jawa Barat;2024;KABUPATEN PURWAKARTA;Orang;8;39;10;0;0;0;1;55;56
250;Jawa Barat;2024;KABUPATEN KARAWANG;Orang;14;6;5;1;0;1;7;31;31
251;Jawa Barat;2024;KABUPATEN BEKASI;Orang;24;31;35;1;3;7;71;124;129
252;Jawa Barat;2024;KABUPATEN BANDUNG BARAT;Orang;17;13;4;0;1;4;15;32;33
253;Jawa Barat;2024;KABUPATEN PANGANDARAN;Orang;4;0;3;0;0;0;1;8;8
254;Jawa Barat;2024;KOTA BOGOR;Orang;15;24;8;0;0;5;11;55;55
255;Jawa Barat;2024;KOTA SUKABUMI;Orang;10;26;3;0;0;0;26;59;59
256;Jawa Barat;2024;KOTA BANDUNG;Orang;63;130;37;1;0;39;15;163;164
257;Jawa Barat;2024;KOTA CIREBON;Orang;1;1;0;0;0;0;0;2;2
258;Jawa Barat;2024;KOTA BEKASI;Orang;38;34;29;0;0;16;6;123;123
259;Jawa Barat;2024;KOTA DEPOK;Orang;53;32;17;0;0;4;6;110;110
260;Jawa Barat;2024;KOTA CIMAHI;Orang;19;16;7;3;0;12;0;29;31
261;Jawa Barat;2024;KOTA TASIKMALAYA;Orang;14;1;3;0;0;1;0;18;18
262;Jawa Barat;2024;KOTA BANJAR;Orang;4;0;2;0;0;1;0;7;7
263;Jawa Timur;2024;KABUPATEN PACITAN;Orang;0;0;0;0;0;0;0;0;0
264;Jawa Timur;2024;KABUPATEN PONOROGO;Orang;4;2;2;0;0;5;3;16;16
265;Jawa Timur;2024;KABUPATEN TRENGGALEK;Orang;2;10;3;2;0;7;4;17;17
266;Jawa Timur;2024;KABUPATEN TULUNGAGUNG;Orang;6;4;1;0;0;2;1;14;14
267;Jawa Timur;2024;KABUPATEN BLITAR;Orang;8;16;8;2;44;1;3;38;69
268;Jawa Timur;2024;KABUPATEN KEDIRI;Orang;9;2;7;0;0;0;2;17;17
269;Jawa Timur;2024;KABUPATEN MALANG;Orang;20;16;18;2;1;10;3;48;49
270;Jawa Timur;2024;KABUPATEN LUMAJANG;Orang;0;0;0;0;0;0;0;0;0
271;Jawa Timur;2024;KABUPATEN JEMBER;Orang;13;85;52;1;1;11;2;87;87
272;Jawa Timur;2024;KABUPATEN BANYUWANGI;Orang;21;2;11;0;0;0;2;35;35
273;Jawa Timur;2024;KABUPATEN BONDOWOSO;Orang;5;1;2;0;0;3;1;9;9
274;Jawa Timur;2024;KABUPATEN SITUBONDO;Orang;22;19;4;1;3;5;1;36;37
275;Jawa Timur;2024;KABUPATEN PROBOLINGGO;Orang;2;3;2;0;0;0;0;5;5
276;Jawa Timur;2024;KABUPATEN PASURUAN;Orang;12;6;6;0;1;1;2;22;24
277;Jawa Timur;2024;KABUPATEN SIDOARJO;Orang;38;64;14;1;0;12;11;78;81
278;Jawa Timur;2024;KABUPATEN MOJOKERTO;Orang;4;0;3;0;0;1;2;9;9
279;Jawa Timur;2024;KABUPATEN JOMBANG;Orang;34;11;16;0;0;27;13;90;90
280;Jawa Timur;2024;KABUPATEN NGANJUK;Orang;3;1;0;0;0;2;1;4;4
281;Jawa Timur;2024;KABUPATEN MADIUN;Orang;5;0;1;0;0;0;1;7;7
282;Jawa Timur;2024;KABUPATEN MAGETAN;Orang;9;5;5;0;0;2;4;18;19
283;Jawa Timur;2024;KABUPATEN NGAWI;Orang;4;0;2;0;0;1;3;10;10
284;Jawa Timur;2024;KABUPATEN BOJONEGORO;Orang;6;5;5;0;0;4;2;18;18
285;Jawa Timur;2024;KABUPATEN TUBAN;Orang;2;2;0;0;0;0;0;4;4
286;Jawa Timur;2024;KABUPATEN LAMONGAN;Orang;0;0;0;0;0;0;0;0;0
287;Jawa Timur;2024;KABUPATEN GRESIK;Orang;76;18;9;0;0;6;1;96;98
288;Jawa Timur;2024;KABUPATEN BANGKALAN;Orang;11;3;9;1;0;0;1;23;24
289;Jawa Timur;2024;KABUPATEN SAMPANG;Orang;6;0;3;0;0;0;0;8;8
290;Jawa Timur;2024;KABUPATEN PAMEKASAN;Orang;9;1;3;0;0;2;1;16;16
291;Jawa Timur;2024;KABUPATEN SUMENEP;Orang;15;17;2;0;0;3;7;18;18
292;Jawa Timur;2024;KOTA KEDIRI;Orang;6;6;0;0;0;0;1;13;13
293;Jawa Timur;2024;KOTA BLITAR;Orang;0;1;1;0;0;1;4;7;7
294;Jawa Timur;2024;KOTA MALANG;Orang;18;13;5;0;12;3;3;54;54
295;Jawa Timur;2024;KOTA PROBOLINGGO;Orang;10;9;5;0;0;3;0;22;22
296;Jawa Timur;2024;KOTA PASURUAN;Orang;2;3;2;0;0;0;0;5;5
297;Jawa Timur;2024;KOTA MOJOKERTO;Orang;1;1;1;0;0;0;0;2;2
298;Jawa Timur;2024;KOTA MADIUN;Orang;7;2;0;0;0;0;0;7;7
299;Jawa Timur;2024;KOTA SURABAYA;Orang;43;28;20;2;1;14;11;116;116
300;Jawa Timur;2024;KOTA BATU;Orang;4;10;2;1;0;5;0;11;11
